retailer,type,website,has_public_api,has_public_flyer,online_shop,prices_vary_by_branch_or_zone,partnership_contact,tos_summary,robots_summary,legal_status,approved_method,refresh_cadence,owner,notes
Lulu Hypermarket,hyper,,unknown,unknown,unknown,unknown,,NOT REVIEWED,NOT REVIEWED,red,none,,,verify current status
Carrefour Qatar (Majid Al Futtaim),hyper,,unknown,unknown,unknown,unknown,,NOT REVIEWED,NOT REVIEWED,red,none,,,
Al Meera,supermarket,,unknown,unknown,unknown,unknown,,NOT REVIEWED,NOT REVIEWED,red,none,,,
Monoprix Qatar,supermarket,,unknown,unknown,unknown,unknown,,NOT REVIEWED,NOT REVIEWED,red,none,,,
Family Food Centre,supermarket,,unknown,unknown,unknown,unknown,,NOT REVIEWED,NOT REVIEWED,red,none,,,
Spar Qatar,supermarket,,unknown,unknown,unknown,unknown,,NOT REVIEWED,NOT REVIEWED,red,none,,,
Safari Hypermarket,hyper,,unknown,unknown,unknown,unknown,,NOT REVIEWED,NOT REVIEWED,red,none,,,
Grand Hypermarket,hyper,,unknown,unknown,unknown,unknown,,NOT REVIEWED,NOT REVIEWED,red,none,,,
Ansar Gallery,supermarket,,unknown,unknown,unknown,unknown,,NOT REVIEWED,NOT REVIEWED,red,none,,,
Rawnaq,supermarket,,unknown,unknown,unknown,unknown,,NOT REVIEWED,NOT REVIEWED,red,none,,,
Talabat (Talabat Mart),marketplace,,unknown,unknown,yes,unknown,,NOT REVIEWED,NOT REVIEWED,red,none,,,
Snoonu (Snoonu Market),marketplace,,unknown,unknown,yes,unknown,,NOT REVIEWED,NOT REVIEWED,red,none,,,
Rafeeq,marketplace,,unknown,unknown,yes,unknown,,NOT REVIEWED,NOT REVIEWED,red,none,,,
Keeta,marketplace,,unknown,unknown,yes,unknown,,NOT REVIEWED,NOT REVIEWED,red,none,,,verify it operates grocery in Qatar
Baladna,specialty,,unknown,unknown,unknown,unknown,,NOT REVIEWED,NOT REVIEWED,red,none,,,
